StartDate,EndDate,Status,IPAddress,Progress,Duration (in seconds),Finished,RecordedDate,ResponseId,RecipientLastName,RecipientFirstName,RecipientEmail,ExternalReference,LocationLatitude,LocationLongitude,DistributionChannel,UserLanguage,Q1,Q2,Q3,Q4,Q5,Q6,Q7,mTurkCode
18/5/2 22:38,18/5/2 22:39,0,103.66.79.84,100,57,1,18/5/2 22:39,R_1GTv772vBBVczhA,,,,,11.1000061,77.3500061,anonymous,EN,3,1,2,3,2,,ARN9ET3E608LJ,22652694
18/5/2 22:42,18/5/2 22:43,0,75.180.236.161,100,35,1,18/5/2 22:43,R_TpcoLrrr5Irqbxn,,,,,34.73800659,-77.08029938,anonymous,EN,2,2,1,3,3,,A4GXHVTRGW5P8,33510777
18/5/2 22:44,18/5/2 22:45,0,64.208.131.10,100,36,1,18/5/2 22:45,R_2qmHn7wXd5ORdZ8,,,,,41.80140686,-87.60050201,anonymous,EN,2,2,3,2,3,,111111,39005437
18/5/2 22:44,18/5/2 22:45,0,73.210.0.226,100,56,1,18/5/2 22:45,R_10HF9seZqOVFKKx,,,,,41.92880249,-87.63150024,anonymous,EN,3,1,3,5,3,,0,18573632
18/5/2 22:49,18/5/2 22:51,0,103.196.28.202,100,78,1,18/5/2 22:51,R_1NrlFfJ63Tcz66a,,,,,10.99249268,76.96139526,anonymous,EN,4,1,2,5,1,,A2HD5XMM48KKJW,57254717
18/5/2 22:44,18/5/2 22:53,0,71.235.88.96,100,554,1,18/5/2 22:54,R_1drSWbqwstcD5We,,,,,41.30940247,-72.9240036,anonymous,EN,3,1,3,2,3,,12345,16643534
18/5/2 22:58,18/5/2 23:00,0,8.37.27.191,100,139,1,18/5/2 23:00,R_1CCrsgXTKVkachF,,,,,41.80140686,-87.60050201,anonymous,EN,3,2,3,7,2,,0,93069147
18/5/2 23:07,18/5/2 23:07,0,171.49.196.223,100,23,1,18/5/2 23:07,R_22XhoNlQk08WXYz,,,,,13.08329773,80.28329468,anonymous,EN,3,2,2,6,,2,,51045239
18/5/2 23:09,18/5/2 23:09,1,,100,16,1,18/5/2 23:09,R_Qhv4BiTozMviJax,,,,,41.80140686,-87.60050201,preview,EN,2,2,3,2,3,,,70541026
18/5/2 23:14,18/5/2 23:15,0,196.16.109.139,100,58,1,18/5/2 23:15,R_3JqHMYCkzFCp7GG,,,,,34.05439758,-118.2440033,anonymous,EN,3,1,3,5,,2,A3TZBZ92CQKQLG,79069142
18/5/2 23:14,18/5/2 23:15,0,73.56.129.227,100,63,1,18/5/2 23:15,R_3qECtESnxMhhKf0,,,,,27.24980164,-80.37969971,anonymous,EN,4,2,2,7,1,,A2G8J7LM6D1DLT,90055934
18/5/2 23:15,18/5/2 23:16,0,59.97.52.176,100,25,1,18/5/2 23:16,R_21HPaQ8HLNz35Mh,,,,,10.3500061,77.95001221,anonymous,EN,2,1,1,1,1,,A9YC3F3MGUABZ,58860809
18/5/2 23:15,18/5/2 23:16,0,59.92.33.55,100,30,1,18/5/2 23:16,R_29gqRlAhOeKJeQ1,,,,,8.193893433,77.43139648,anonymous,EN,3,2,2,5,2,,A3LUBKV41WYBK3,10048254
18/5/2 23:16,18/5/2 23:16,0,88.130.53.116,100,44,1,18/5/2 23:16,R_1JWNtfId3BmnaTP,,,,,51.44999695,7.016693115,anonymous,EN,3,1,2,6,,1,AC4VWOW5GDHM4,65496550
18/5/2 23:16,18/5/2 23:17,0,117.221.218.118,100,42,1,18/5/2 23:17,R_bkoLl79MEsWdbXP,,,,,11.3500061,77.73330688,anonymous,EN,3,1,3,2,,1,A3O9A5HBUSL3GR,11854872
18/5/2 23:15,18/5/2 23:17,0,49.206.127.17,100,116,1,18/5/2 23:17,R_1UiRTr72cpxLyut,,,,,13.08329773,80.28329468,anonymous,EN,3,1,3,6,,1,A3AG7GG8ED8SDH,28101257
18/5/2 23:16,18/5/2 23:17,0,157.50.213.12,100,43,1,18/5/2 23:17,R_2wnRDAqcFZhzRz6,,,,,13.08329773,80.28329468,anonymous,EN,3,1,3,2,2,,A1TBWEENZ908SZ,4685411
18/5/2 23:16,18/5/2 23:17,0,75.180.236.161,100,22,1,18/5/2 23:17,R_w4tavHSuOKHVTEJ,,,,,34.73800659,-77.08029938,anonymous,EN,2,2,1,3,3,,A4GXHVTRGW5P8,83807518
18/5/2 23:15,18/5/2 23:17,0,110.227.240.42,100,151,1,18/5/2 23:17,R_2zcHZaNWNl7d4Ch,,,,,13.08329773,80.28329468,anonymous,EN,4,1,2,5,2,,A2RU9Q0EQVE821,71346309
18/5/2 23:15,18/5/2 23:18,0,157.50.27.81,100,159,1,18/5/2 23:18,R_Unpy0QkITRvPuXD,,,,,13.08329773,80.28329468,anonymous,EN,4,1,2,5,,2,A148NVHO6PWXME,59226777
18/5/2 23:17,18/5/2 23:18,0,173.244.48.29,100,37,1,18/5/2 23:18,R_2sIXKq1YGnjD6E1,,,,,34.05439758,-118.2440033,anonymous,EN,4,2,2,1,,2,AB2FIHXK5NFV7,56721276
18/5/2 23:15,18/5/2 23:18,0,27.62.45.158,100,140,1,18/5/2 23:18,R_3lW8sRiVHI3Dt1E,,,,,13.08329773,80.28329468,anonymous,EN,3,1,2,1,,1,A14BMCF1JBIL6C,96772660
18/5/2 23:17,18/5/2 23:18,0,162.95.148.250,100,71,1,18/5/2 23:18,R_2EaEV6fmx7QECuI,,,,,39.7723999,-86.16000366,anonymous,EN,4,1,2,6,,2,A1UB1K89ZZML0S,92093891
18/5/2 23:18,18/5/2 23:18,0,59.97.52.48,100,25,1,18/5/2 23:19,R_1BXG0WnD2kgRNzo,,,,,10.3500061,77.95001221,anonymous,EN,3,1,1,1,,1,ALCS8KFA9VG5N,92416706
18/5/2 23:18,18/5/2 23:19,0,103.66.79.75,100,42,1,18/5/2 23:19,R_2E15DuVSZnevfC3,,,,,11.1000061,77.3500061,anonymous,EN,3,1,2,6,3,,A1EPMMBGWO9XEM,77821640
18/5/2 23:17,18/5/2 23:19,0,71.120.142.33,100,115,1,18/5/2 23:19,R_3Pdbhe19EmXbTLz,,,,,37.05709839,-76.4618988,anonymous,EN,5,1,3,2,3,,ASDOYPL3T2CFL,88601163
18/5/2 23:18,18/5/2 23:19,0,183.82.224.144,100,105,1,18/5/2 23:19,R_2CKAWlCD3GArysQ,,,,,17.37530518,78.47439575,anonymous,EN,3,1,2,6,3,,A2V8B6ISKK4N9P,73969095
18/5/2 23:19,18/5/2 23:19,0,97.124.101.53,100,19,1,18/5/2 23:19,R_21nSrEWwFXL59MK,,,,,33.32330322,-111.8244019,anonymous,EN,3,1,2,2,1,,APF1EAZT104LQ,49374684
18/5/2 23:19,18/5/2 23:21,0,189.232.0.72,100,84,1,18/5/2 23:21,R_1OUDN09UsSjGGuH,,,,,19.47940063,-99.23829651,anonymous,EN,4,2,2,7,,1,A3VCOV4Q1KRTJK,28909156
18/5/2 23:21,18/5/2 23:21,0,98.175.106.247,100,50,1,18/5/2 23:22,R_3lrGNvQeSe4gqCz,,,,,32.71530151,-117.1573029,anonymous,EN,4,1,2,5,,1,A6KOTWP7N7RLU,70992080
18/5/2 23:21,18/5/2 23:22,0,96.231.157.143,100,39,1,18/5/2 23:22,R_2zD83E4WaipfARC,,,,,39.08979797,-77.06109619,anonymous,EN,2,2,2,3,1,,A2T2039IS9SHNT,47195151
18/5/2 23:21,18/5/2 23:22,0,122.167.236.187,100,53,1,18/5/2 23:22,R_2pVvpbi6LD6nJBC,,,,,12.98330688,77.58331299,anonymous,EN,5,2,3,2,,2,A29X1A8AF3TUQP,8748085
18/5/2 23:21,18/5/2 23:22,0,188.92.234.226,100,68,1,18/5/2 23:22,R_1jUQK3XY2Xsbnbk,,,,,53.79649353,-1.547805786,anonymous,EN,3,1,2,6,2,,A1FMYNQ33M4A4,52223066
18/5/2 23:21,18/5/2 23:22,0,157.50.62.15,100,77,1,18/5/2 23:22,R_3NvUNSPFDLWhXJL,,,,,13.08329773,80.28329468,anonymous,EN,3,1,2,6,1,,A1MPGNVKJI4ZT6,12479400
18/5/2 23:22,18/5/2 23:23,0,68.16.15.58,100,48,1,18/5/2 23:23,R_1im7XUR7N36cf2e,,,,,31.18580627,-82.35389709,anonymous,EN,4,2,1,1,,,A22Z03NU5RN6AZ,41389839
18/5/2 23:22,18/5/2 23:23,0,107.9.164.42,100,77,1,18/5/2 23:23,R_3HTgDIbKdPdDotn,,,,,41.09759521,-80.96679688,anonymous,EN,5,2,1,7,,1,A1EQO6Y6E56P8Q,3758866
18/5/2 23:22,18/5/2 23:23,0,117.253.12.199,100,66,1,18/5/2 23:23,R_1FFLEWtmcrosV5L,,,,,12.56669617,80.16668701,anonymous,EN,4,1,4,5,1,,A3IVXZJS7DQIQQ,47914391
18/5/2 23:22,18/5/2 23:23,0,47.8.224.125,100,111,1,18/5/2 23:23,R_31Bgjrri9wrFeEH,,,,,26.8500061,80.91668701,anonymous,EN,4,1,3,7,,1,A2SSYBUT9ZM0G9,46098960
18/5/2 23:23,18/5/2 23:24,0,204.195.1.246,100,64,1,18/5/2 23:24,R_25f55T5XXsInNMR,,,,,45.3842926,-122.1750031,anonymous,EN,5,2,2,5,1,,A8E99XNOTT390,74316031
18/5/2 23:23,18/5/2 23:24,0,141.126.147.213,100,60,1,18/5/2 23:24,R_3Lb5Y2eXzWUGvOA,,,,,44.83399963,-91.57289886,anonymous,EN,3,2,1,7,,3,A3QUBC5HTVZI19,48375023
18/5/2 23:23,18/5/2 23:25,0,82.73.50.133,100,119,1,18/5/2 23:25,R_O0CMrWRn0R3YE6t,,,,,53.04049683,5.666793823,anonymous,EN,5,1,3,6,,1,Niels Joustra,4728952
18/5/2 23:24,18/5/2 23:25,0,157.50.236.2,100,43,1,18/5/2 23:25,R_BRnayBHIfAu5mp3,,,,,13.08329773,80.28329468,anonymous,EN,3,2,5,6,,2,A3VXSCZ7NP7ZI2,1279636
18/5/2 23:25,18/5/2 23:26,0,122.165.171.3,100,42,1,18/5/2 23:26,R_9M0tI2VgJQEcnFT,,,,,9.933303833,78.11669922,anonymous,EN,4,2,2,5,2,,A1I3Z5NKBMZHE7,2763105
18/5/2 23:26,18/5/2 23:26,0,150.242.20.248,100,27,1,18/5/2 23:26,R_1PRVrWWdSencss1,,,,,8.506896973,76.95690918,anonymous,EN,3,1,2,1,3,,A191V8LNTTLHSA,79522331
18/5/2 23:26,18/5/2 23:27,0,45.36.153.18,100,34,1,18/5/2 23:27,R_1KcNhQ3SlUIBiWr,,,,,36.14599609,-80.32430267,anonymous,EN,4,2,1,7,,1,A2DJNNINLON1D0,63008020
18/5/2 23:26,18/5/2 23:27,0,122.164.233.5,100,54,1,18/5/2 23:27,R_yr24Ws8RZGAULDP,,,,,13.08329773,80.28329468,anonymous,EN,3,1,3,2,2,,A11DV053R2UV8J,51431902
18/5/2 23:27,18/5/2 23:27,0,150.242.21.188,100,26,1,18/5/2 23:27,R_2wyOYFPDKSoG5U2,,,,,8.506896973,76.95690918,anonymous,EN,3,1,3,7,,2,A3C8SBXXN9CYM0,81718969
18/5/2 23:27,18/5/2 23:28,0,122.164.233.5,100,27,1,18/5/2 23:28,R_3qCmj7tP9PU0ezV,,,,,13.08329773,80.28329468,anonymous,EN,3,1,3,2,,2,A11DV053R2UV8J,26271660
18/5/2 23:27,18/5/2 23:28,0,150.242.21.164,100,21,1,18/5/2 23:28,R_2c2zNGngToEaJpW,,,,,8.506896973,76.95690918,anonymous,EN,2,1,3,6,2,,A1OFOVU6TCQ2K3,40807309
18/5/2 23:27,18/5/2 23:28,0,150.242.21.169,100,22,1,18/5/2 23:28,R_2wQX9hXT9LVh2IY,,,,,8.506896973,76.95690918,anonymous,EN,3,1,3,2,3,,ASLY4WV7FCUDE,27041285
18/5/2 23:27,18/5/2 23:28,0,150.242.21.162,100,29,1,18/5/2 23:28,R_3KQ2B9MVQ9Qlmv2,,,,,8.506896973,76.95690918,anonymous,EN,4,1,3,5,,1,A1YPX4OBE2YR2V,95058597
18/5/2 23:27,18/5/2 23:28,0,150.242.20.180,100,34,1,18/5/2 23:28,R_Cmq9zxg9KetLpux,,,,,8.506896973,76.95690918,anonymous,EN,4,1,2,1,2,,A3NMOHKHT2RJI,71834805
18/5/2 23:27,18/5/2 23:28,0,150.242.20.178,100,24,1,18/5/2 23:28,R_1LnZ9A87xYi48AL,,,,,8.506896973,76.95690918,anonymous,EN,3,1,3,2,2,,AF1HT6VL272QZ,41316103
18/5/2 23:28,18/5/2 23:28,0,64.208.131.10,100,47,1,18/5/2 23:28,R_2t4khOPicltPL18,,,,,41.80140686,-87.60050201,anonymous,EN,2,2,3,2,3,,1234,66486118
18/5/2 23:27,18/5/2 23:28,0,150.242.20.236,100,67,1,18/5/2 23:28,R_3hfkEZxEhSvU65M,,,,,8.506896973,76.95690918,anonymous,EN,2,1,2,2,,, A3FJQ2DZJIENKU,85349135
18/5/2 23:28,18/5/2 23:29,0,150.242.21.160,100,67,1,18/5/2 23:29,R_11Y2vgKO2W5CPo9,,,,,8.506896973,76.95690918,anonymous,EN,4,1,3,5,,2,A36WLGFSYDQAS7,17591959
18/5/2 23:28,18/5/2 23:29,0,203.88.145.8,100,50,1,18/5/2 23:29,R_02Hg641Z50QOTW9,,,,,22.30000305,73.19999695,anonymous,EN,3,2,3,5,,1,A1G06ZVFHCPVOE,80567285
18/5/2 23:28,18/5/2 23:29,0,72.48.5.152,100,50,1,18/5/2 23:29,R_2Cf9ah0qb9w70hk,,,,,29.46220398,-98.48930359,anonymous,EN,2,2,1,7,,3,AI6U09NVOZ62B,34946633
18/5/2 23:29,18/5/2 23:29,0,150.242.21.165,100,37,1,18/5/2 23:29,R_11gBc6OKkRzYs9z,,,,,8.506896973,76.95690918,anonymous,EN,3,1,3,5,2,,A3UE49REX108ZE,76413832
18/5/2 23:29,18/5/2 23:29,0,207.228.78.102,100,45,1,18/5/2 23:29,R_UKnyWBYs8dibCrn,,,,,53.45930481,-113.4144974,anonymous,EN,3,2,5,1,,2,A12Z3QT5TKTT12,63516635
18/5/2 23:29,18/5/2 23:30,1,,100,39,1,18/5/2 23:30,R_09dphvCv5fDoPgB,,,,,41.80140686,-87.60050201,preview,EN,4,1,4,1,3,,12,10132972
18/5/2 23:29,18/5/2 23:30,0,150.242.20.179,100,29,1,18/5/2 23:30,R_11hzxIbm3mf0wSe,,,,,8.506896973,76.95690918,anonymous,EN,4,2,3,3,,1,AVQND8233HQWK,86846171
18/5/2 23:29,18/5/2 23:30,0,155.188.183.17,100,43,1,18/5/2 23:30,R_3NQzEaeDOHDBREt,,,,,40.10180664,-83.07299805,anonymous,EN,3,2,2,1,1,,A1XA1ZRQO81TPY,37757074
18/5/2 23:28,18/5/2 23:30,0,106.210.38.190,100,117,1,18/5/2 23:30,R_32IVYgljt7UUMhR,,,,,28.66670227,77.21670532,anonymous,EN,3,1,2,6,3,,A3LIV109259OU2,21877563
18/5/2 23:30,18/5/2 23:31,0,73.210.0.226,100,26,1,18/5/2 23:31,R_1fdbBnc2erAq2VI,,,,,41.92880249,-87.63150024,anonymous,EN,2,2,3,1,3,,11111,4672327
18/5/2 23:30,18/5/2 23:31,0,67.1.120.199,100,47,1,18/5/2 23:31,R_3rVwHGlSzN4eOIc,,,,,32.25280762,-110.8282013,anonymous,EN,3,1,2,1,,1,A2CX92GOFJSA1Q,73126561
18/5/2 23:29,18/5/2 23:31,0,207.189.25.85,100,119,1,18/5/2 23:31,R_1dnqnZGMXYp8wGb,,,,,38.90420532,-77.03199768,anonymous,EN,4,1,2,5,,1,A34SLWTNACPBMO,20004390
18/5/2 23:31,18/5/2 23:32,0,173.217.96.226,100,35,1,18/5/2 23:32,R_aV3a634B1Bl1d3b,,,,,30.13459778,-93.27300262,anonymous,EN,4,2,2,7,1,,A33QI63NVR8CUO,43714150
18/5/2 23:31,18/5/2 23:32,0,24.19.138.215,100,65,1,18/5/2 23:32,R_zT0Rp92Wf0da74d,,,,,47.15109253,-122.4492035,anonymous,EN,5,2,1,5,,1,A2FFSB45GJHVI8,61925582
18/5/2 23:31,18/5/2 23:32,0,106.192.75.73,100,78,1,18/5/2 23:32,R_sAvKCqy1O7oofOF,,,,,30.73429871,76.79330444,anonymous,EN,3,1,2,6,2,,A1CFE35XYUZ2DC,90926876
18/5/2 23:31,18/5/2 23:32,0,73.186.223.248,100,65,1,18/5/2 23:32,R_xDUaD2SJrfexOCJ,,,,,42.30589294,-71.08589935,anonymous,EN,2,2,1,7,,1,AA6K05EFNJ3T0,11722798
18/5/2 23:33,18/5/2 23:34,0,46.30.132.236,100,75,1,18/5/2 23:34,R_1qX0ODqrR1lqF47,,,,,60.18730164,24.91270447,anonymous,EN,5,2,4,4,1,,A1ISXZDGEHM8RZ,49727968
18/5/2 23:33,18/5/2 23:34,0,74.211.73.84,100,72,1,18/5/2 23:34,R_2uwG0qjTvAQZnKi,,,,,32.84260559,-105.9890976,anonymous,EN,5,2,2,1,3,,A291B8J0SUBBVR,32887234
18/5/2 23:33,18/5/2 23:34,0,173.17.184.186,100,82,1,18/5/2 23:34,R_8icBYgsNVecNCr7,,,,,42.42660522,-92.35800171,anonymous,EN,2,2,5,6,,1, COPIEDAL44HNXC0V6WK,77862051
18/5/2 23:34,18/5/2 23:34,0,157.51.177.241,100,53,1,18/5/2 23:34,R_27Kimmvtk1u3RKD,,,,,13.08329773,80.28329468,anonymous,EN,4,1,2,6,,2,A2N8SNKVU4M1MB,71670259
18/5/2 23:34,18/5/2 23:35,0,124.123.90.160,100,60,1,18/5/2 23:35,R_3DuM1kEiq7rBScS,,,,,17.37530518,78.47439575,anonymous,EN,4,2,3,7,2,,A2G5GGLXD2KSZS,66076433
18/5/2 23:35,18/5/2 23:35,0,73.210.0.226,100,36,1,18/5/2 23:35,R_1RBTAUf6wGHJhkZ,,,,,41.92880249,-87.63150024,anonymous,EN,3,2,3,6,1,3,77777,74988102
18/5/2 23:36,18/5/2 23:36,0,73.210.0.226,100,24,1,18/5/2 23:36,R_3KGzkNzXq04rX8s,,,,,41.92880249,-87.63150024,anonymous,EN,3,1,2,4,3,2,101010,44316150
18/5/2 23:35,18/5/2 23:37,0,73.241.16.191,100,136,1,18/5/2 23:37,R_A1FSivsvtPUVf8t,,,,,37.37440491,-121.7582016,anonymous,EN,2,1,2,7,3,1,A1VX8LDS27ZUAO,52315206
18/5/2 23:36,18/5/2 23:37,0,174.195.7.59,100,84,1,18/5/2 23:37,R_3P5dJbgL1eT6ZRs,,,,,35.96060181,-83.92070007,anonymous,EN,5,1,1,7,1,1,A1YMIA0664RNFF,48102303
18/5/2 23:35,18/5/2 23:37,0,76.111.202.18,100,107,1,18/5/2 23:37,R_1IM0ksR3YHu7Sw0,,,,,25.7052002,-80.46330261,anonymous,EN,3,1,3,3,3,1,A294N96V3AJ07C,27527962
18/5/2 23:36,18/5/2 23:39,0,98.94.60.92,100,152,1,18/5/2 23:39,R_3sbvwEeriwtKtuD,,,,,33.34570313,-81.97219849,anonymous,EN,2,2,2,7,,2,A2NH34HZIF5GHE,53983582
18/5/2 23:40,18/5/2 23:41,0,157.50.111.18,100,77,1,18/5/2 23:41,R_2BlYmvcwydhvDvN,,,,,13.08329773,80.28329468,anonymous,EN,3,2,3,6,,1,AWZNJH4KB3QOH,10365101
18/5/2 23:41,18/5/2 23:42,0,82.78.16.37,100,74,1,18/5/2 23:42,R_12JBXgZ13eYHE4P,,,,,47.06669617,21.93330383,anonymous,EN,5,1,1,6,3,,A1G0W1P43RTBKK,33931481
18/5/2 23:42,18/5/2 23:43,0,103.98.63.53,100,83,1,18/5/2 23:43,R_1gBmer9XUCYFivs,,,,,13.08329773,80.28329468,anonymous,EN,4,1,2,7,1,,AUJPYSYU7YL5,76193163
18/5/2 23:42,18/5/2 23:43,0,122.174.118.112,100,63,1,18/5/2 23:43,R_un7nF60Xl4udTEt,,,,,9.966705322,76.23330688,anonymous,EN,3,2,2,7,,3,A2EARNRMFJOSIY,65155954
18/5/2 23:36,18/5/2 23:44,0,73.210.0.226,100,503,1,18/5/2 23:44,R_qKpEpn9k0KULrvH,,,,,41.92880249,-87.63150024,anonymous,EN,2,2,2,2,3,1,9999999,5303434
18/5/2 23:43,18/5/2 23:44,0,98.214.244.195,100,69,1,18/5/2 23:44,R_3MyBP8DxElgo07X,,,,,39.8296051,-88.94419861,anonymous,EN,5,2,3,7,3,,A139T58A6VX1ZJ,59312573
18/5/2 23:44,18/5/2 23:45,0,45.2.14.70,100,80,1,18/5/2 23:45,R_2vkLTDArzxG12Ay,,,,,43.19999695,-80.38330078,anonymous,EN,4,2,2,4,,3,A2OWUSH9B8AORH,89061829
18/5/2 23:44,18/5/2 23:45,0,112.204.138.182,100,65,1,18/5/2 23:45,R_2wKWTlSPLKL2xNi,,,,,14.59550476,120.9721069,anonymous,EN,5,1,2,7,,3,ANN162CY5IAGN,75172516
18/5/2 23:45,18/5/2 23:46,0,192.31.101.241,100,54,1,18/5/2 23:46,R_3sjCGZ6zjj9aNQK,,,,,29.727005,-95.36129761,anonymous,EN,2,1,1,2,1,,AOPRFGJRGNK00,19261210
18/5/2 23:47,18/5/2 23:48,0,103.92.41.19,100,44,1,18/5/2 23:48,R_3lW7dWQq4almXrD,,,,,28.66670227,77.21670532,anonymous,EN,3,1,3,5,,3,A21JTY4NPNVRPB,75964786
18/5/2 23:47,18/5/2 23:48,0,202.134.13.128,100,56,1,18/5/2 23:48,R_bx3iFkvpiRbgm1X,,,,,23.72309875,90.40859985,anonymous,EN,3,1,2,6,,1,A349TSPKFHIWE1,52524131
18/5/2 23:47,18/5/2 23:48,0,73.17.32.39,100,81,1,18/5/2 23:48,R_2WVH6Fgj0nS6eyR,,,,,42.79589844,-71.05699921,anonymous,EN,3,1,2,7,1,,A8YE5MQ88KHHA,57998393
18/5/2 23:47,18/5/2 23:49,0,42.107.195.102,100,83,1,18/5/2 23:49,R_2qwVq4MyT8B9Ara,,,,,9.966705322,76.23330688,anonymous,EN,3,1,2,6,,3,A27NBGO9FXJS8Q,77400549
18/5/2 23:51,18/5/2 23:51,0,59.92.33.55,100,32,1,18/5/2 23:51,R_1jJonzBDho9vJ4q,,,,,8.193893433,77.43139648,anonymous,EN,3,2,2,6,3,,A1RF3SUO8U3QWU,20213305
18/5/2 23:50,18/5/2 23:53,0,137.97.138.36,100,155,1,18/5/2 23:53,R_XAGgP4rPmg458d3,,,,,9.583297729,76.51669312,anonymous,EN,5,1,3,2,1,,A33KTU8KJ5CP2T,86500845
18/5/2 23:53,18/5/2 23:53,0,103.87.106.141,100,38,1,18/5/2 23:53,R_2ztBJqvsEPLCseZ,,,,,10.3500061,77.95001221,anonymous,EN,3,1,3,2,3,,A25P5UFNGUMRYW,15491361
18/5/2 23:53,18/5/2 23:55,0,137.97.137.123,100,121,1,18/5/2 23:55,R_2CeIJzlOdJpZoA8,,,,,9.966705322,76.23330688,anonymous,EN,4,1,2,5,,1,A3DTPGXKABAFEJ,36489402
18/5/3 0:02,18/5/3 0:02,0,117.221.221.253,100,23,1,18/5/3 0:02,R_dd4RLmZXgq2W0s9,,,,,11.93330383,79.48330688,anonymous,EN,3,1,2,6,,2,A304PUXIRA930J,36906097
18/5/3 0:00,18/5/3 0:02,0,103.58.116.54,100,130,1,18/5/3 0:02,R_2Vl5BiCHYIJ58vu,,,,,11.23330688,78.16668701,anonymous,EN,4,1,3,5,1,,AJBQ5XEHIF9Z1,98695347
18/5/3 0:05,18/5/3 0:05,0,150.242.20.179,100,26,1,18/5/3 0:05,R_9zSp7CkfXfTew25,,,,,8.506896973,76.95690918,anonymous,EN,4,1,3,5,,2,A2QG1N2LFV0VXW,93947950
18/5/3 0:08,18/5/3 0:10,0,47.41.198.236,100,115,1,18/5/3 0:10,R_SOAInRKgCDccFYR,,,,,33.86610413,-118.0527954,anonymous,EN,5,1,2,6,1,,A1ANNOHCOCSM7V,24483779
18/5/3 0:13,18/5/3 0:13,0,98.179.29.148,100,36,1,18/5/3 0:13,R_Z8iL9CUpaQxGEPD,,,,,41.29589844,-95.99909973,anonymous,EN,2,2,2,7,,3,A66YE53KSV5CT,84705805
18/5/3 0:14,18/5/3 0:15,0,196.216.4.1,100,72,1,18/5/3 0:15,R_1CBCWADRSnlxiSo,,,,,9.180496216,7.17930603,anonymous,EN,4,1,3,2,1,,A1JVNSZZ3U415I,14620377
18/5/3 0:19,18/5/3 0:20,0,76.78.66.131,100,53,1,18/5/3 0:20,R_eV9ytVlu5M4nYrv,,,,,42.69290161,-73.83799744,anonymous,EN,2,1,2,5,3,,A1WZ7AZDNEM1ZQ,3509280
18/5/3 0:19,18/5/3 0:21,0,59.96.55.19,100,140,1,18/5/3 0:21,R_1DqzFqcgoBjENN3,,,,,11.6499939,78.16668701,anonymous,EN,3,1,3,2,,1,AWEQZZGOOBGV3,13774855
18/5/3 0:22,18/5/3 0:23,0,206.128.229.245,100,62,1,18/5/3 0:23,R_26lJdQZ7V2UJlOC,,,,,28.73939514,-81.85549927,anonymous,EN,5,1,2,5,,3,AS6QMZB32HHYF,78861157
18/5/3 0:24,18/5/3 0:26,0,137.97.154.180,100,127,1,18/5/3 0:26,R_29hq8uxjAXDOtpo,,,,,10.77250671,76.65139771,anonymous,EN,5,1,2,1,2,,ARQA90W3DRJCB,45792590
18/5/3 0:28,18/5/3 0:29,0,117.221.217.161,100,22,1,18/5/3 0:29,R_1jeMpn7GFh6uhjI,,,,,11.3500061,77.73330688,anonymous,EN,3,1,2,6,,2,A2PTXQ060AH5S5,67028540
18/5/3 0:29,18/5/3 0:30,0,71.206.238.175,100,45,1,18/5/3 0:30,R_2fIC5zh38WEr24S,,,,,40.45309448,-79.92939758,anonymous,EN,3,2,3,1,3,,A3RUF3JEEK39I5,55638111
18/5/3 0:30,18/5/3 0:31,0,112.204.47.88,100,58,1,18/5/3 0:31,R_2413gDEmSqkyp1R,,,,,14.5500946,121.0360107,anonymous,EN,2,2,2,5,,3,A1ODYU3PCKDC0P,12654568
18/5/3 0:31,18/5/3 0:32,0,45.57.176.54,100,76,1,18/5/3 0:32,R_yOQ8TBRHGbQxtgR,,,,,39.0572052,-94.59329987,anonymous,EN,5,1,3,5,2,,A2WG4XJS7MVT38,80378596
18/5/3 0:33,18/5/3 0:34,0,75.44.105.104,100,48,1,18/5/3 0:34,R_r7oFJbiFhsiWnyV,,,,,39.73039246,-122.3378983,anonymous,EN,4,2,2,7,,1,A2D8TX6OOSJDU8,13468279
18/5/3 0:33,18/5/3 0:34,0,91.0.180.235,100,60,1,18/5/3 0:34,R_vVu31pgFKRPr1HX,,,,,51.28109741,9.618606567,anonymous,EN,5,2,2,1,,1,A2X2NJ5MCVJCLW,75132889
18/5/3 0:34,18/5/3 0:35,0,157.50.207.221,100,65,1,18/5/3 0:35,R_da1QhQRJVN4oKat,,,,,13.08329773,80.28329468,anonymous,EN,3,1,3,5,2,,A3V8KGKKM5ZDH0,44564446
18/5/3 0:37,18/5/3 0:38,0,68.228.227.155,100,53,1,18/5/3 0:38,R_1pKECWsMi49UFdx,,,,,32.2131958,-110.8872986,anonymous,EN,2,1,2,7,3,,A1QROHN4D2BR7N,81495767
18/5/3 0:38,18/5/3 0:40,0,206.223.253.168,100,103,1,18/5/3 0:40,R_D15ZdSAJYnA412x,,,,,40.7046051,-74.16770172,anonymous,EN,5,2,3,5,2,,A3N3DEAOEYY5WU,24430826
18/5/3 0:38,18/5/3 0:40,0,106.203.81.225,100,108,1,18/5/3 0:40,R_1JPArNmIlfduB1R,,,,,13.08329773,80.28329468,anonymous,EN,4,1,2,6,,1,A317RA15E0SZ4P,20391126
18/5/3 0:39,18/5/3 0:40,0,47.31.151.146,100,83,1,18/5/3 0:40,R_25u575nahLARstI,,,,,28.66670227,77.21670532,anonymous,EN,4,1,2,6,,2,A26OCSX1VUO9EV,58864256
18/5/3 0:44,18/5/3 0:45,0,50.1.116.90,100,33,1,18/5/3 0:45,R_1FsV7mhHrQMS1jS,,,,,38.40319824,-122.8632965,anonymous,EN,3,1,2,7,,1,A2PB0R5AI1BB1L,14186019
18/5/3 0:45,18/5/3 0:46,0,190.199.122.3,100,69,1,18/5/3 0:46,R_1kYWSXXjUPVlanP,,,,,7.766906738,-72.22499847,anonymous,EN,3,1,3,6,1,,A3MGT5W3JD5V89,21632359
18/5/3 0:45,18/5/3 0:46,0,45.29.214.25,100,60,1,18/5/3 0:46,R_10UI2wsve8tKYNO,,,,,34.05259705,-118.1132965,anonymous,EN,4,2,2,1,,1,A3GFZ1XUDP6XND,87104372
18/5/3 0:47,18/5/3 0:49,0,71.178.30.35,100,93,1,18/5/3 0:49,R_1iaCzdeySYiFN3Y,,,,,38.87469482,-77.11299896,anonymous,EN,4,2,3,5,3,,A5DZVV45ZKVRW,70041301
18/5/3 0:52,18/5/3 0:54,0,42.109.128.255,100,93,1,18/5/3 0:54,R_10v29dOayl06t2z,,,,,12.98330688,77.58331299,anonymous,EN,4,2,2,1,2,,AIT1599C1IXTK,19022219
18/5/3 0:52,18/5/3 0:54,0,70.190.69.118,100,83,1,18/5/3 0:54,R_3k1G95iypnwRNtg,,,,,33.76939392,-112.2481995,anonymous,EN,3,2,2,5,,1,A1VCFJE42LWEQL,69563602
18/5/3 1:00,18/5/3 1:01,0,172.112.206.174,100,58,1,18/5/3 1:01,R_2yqGkjN4PFo9I0P,,,,,33.71099854,-118.0438004,anonymous,EN,3,1,2,6,,1,AMDX0UNZS4A1G,95531617
18/5/3 1:04,18/5/3 1:04,0,103.93.107.82,100,30,1,18/5/3 1:04,R_1qh9XQb8cmRM7ea,,,,,20,77,anonymous,EN,2,2,3,2,1,,A22Q1PM1ASTRW9,5746111
18/5/3 1:04,18/5/3 1:04,0,103.93.107.82,100,20,1,18/5/3 1:04,R_BGnau7EyzbIe0b7,,,,,20,77,anonymous,EN,2,2,2,3,,2,AJJXHZYX2W4NF,69048378
18/5/3 1:05,18/5/3 1:05,0,117.206.129.248,100,25,1,18/5/3 1:05,R_2B4pCO9SXpuwRKy,,,,,9.516693115,77.63330078,anonymous,EN,4,2,3,3,2,,A1IFX10A8ZRFUV,88352185
18/5/3 1:06,18/5/3 1:07,0,131.175.28.194,100,40,1,18/5/3 1:07,R_bkqiC9aAmJfKIKJ,,,,,45.46429443,9.189498901,anonymous,EN,3,1,3,6,,1,AG8O3O0211WHZ,37266730
18/5/3 1:06,18/5/3 1:07,0,171.60.224.126,100,90,1,18/5/3 1:07,R_vTPc6IWt9gP0ncJ,,,,,13.08329773,80.28329468,anonymous,EN,3,2,2,2,,3,A3C2PSZEKN8OWD,80421951
18/5/3 1:08,18/5/3 1:08,0,192.99.34.34,100,37,1,18/5/3 1:08,R_OIj0dDrfhMDUS0p,,,,,45.5039978,-73.5746994,anonymous,EN,4,1,2,5,3,,A26FIQ42LD6QIO,63009786
18/5/3 1:09,18/5/3 1:09,0,171.76.58.174,100,41,1,18/5/3 1:09,R_1mmINy8cRsP6QFb,,,,,13.08329773,80.28329468,anonymous,EN,3,2,2,3,,3,A2S834OHCORO1W,88184365
18/5/3 1:08,18/5/3 1:09,0,90.77.138.189,100,69,1,18/5/3 1:09,R_cx4M88jG2tS8usx,,,,,43.3493042,-4.05279541,anonymous,EN,5,1,3,5,,1,A3O43L1ZB2PRQ2,49524502
18/5/3 1:08,18/5/3 1:10,0,223.182.241.241,100,118,1,18/5/3 1:09,R_33rPjfYFEZBjDiz,,,,,10.99249268,76.96139526,anonymous,EN,4,2,3,2,1,,A1BD4UJ0NT6K88,80269519
18/5/3 1:09,18/5/3 1:10,0,27.57.63.99,100,50,1,18/5/3 1:10,R_2f8KFYk0uWpz6r6,,,,,13.08329773,80.28329468,anonymous,EN,3,1,2,2,3,,A3GFC0TORB3TDI,76390431
18/5/3 1:10,18/5/3 1:10,0,71.19.248.133,100,23,1,18/5/3 1:10,R_1KcFYN36dQ2ciC1,,,,,49.26669312,-122.7832947,anonymous,EN,4,1,2,5,,3,A26FIQ42LD6QIO,66430312
18/5/3 1:10,18/5/3 1:11,0,107.175.189.165,100,93,1,18/5/3 1:11,R_2E48DnPLySQ6gbK,,,,,34.0493927,-118.2640991,anonymous,EN,5,1,2,2,2,,AVCPTPGTJUJ6E,5435313
18/5/3 1:11,18/5/3 1:13,0,95.90.222.179,100,71,1,18/5/3 1:13,R_3KutWL878uwayGj,,,,,49.44030762,11.0809021,anonymous,EN,3,1,3,5,,1,A30YIUEJBBCB3,30627081
18/5/3 1:17,18/5/3 1:17,0,112.110.94.208,100,27,1,18/5/3 1:17,R_3DdAlrH0TmCF8gm,,,,,11.25,75.76669312,anonymous,EN,4,1,3,5,2,,A25VNYKP7SASYC,29076193
18/5/3 1:23,18/5/3 1:24,0,103.225.124.82,100,48,1,18/5/3 1:24,R_2c5yhE18uS4FeMa,,,,,11.3500061,77.73330688,anonymous,EN,2,2,2,3,,1,A31VO6LWUEE9F9,33440381
18/5/3 1:22,18/5/3 1:25,0,137.97.77.60,100,153,1,18/5/3 1:25,R_To2YcOiFJmiiK0p,,,,,9.983306885,76.28329468,anonymous,EN,4,1,3,5,2,,A3BT5LTI48PLUN,45704303
18/5/3 1:26,18/5/3 1:28,0,157.51.158.113,100,152,1,18/5/3 1:28,R_2fsqjzrF89V4n4Z,,,,,10.94999695,78.08331299,anonymous,EN,3,1,2,6,,2,A3HATPZEATI8JO,75666370
18/5/3 1:29,18/5/3 1:30,0,223.206.237.47,100,52,1,18/5/3 1:30,R_1CCQAdLxEXBOIUe,,,,,17.13360596,102.9674988,anonymous,EN,5,1,3,2,3,,A1OMWAZ59NKDKD,5449657
18/5/3 1:31,18/5/3 1:32,0,106.208.129.194,100,75,1,18/5/3 1:32,R_2wsoiqRynPH9rQo,,,,,13.08329773,80.28329468,anonymous,EN,3,2,2,6,,1,A1Q1HSGBD1POWV,43849715
18/5/3 1:34,18/5/3 1:35,0,92.53.44.166,100,82,1,18/5/3 1:35,R_AopsAPXucvMl3fX,,,,,41.03109741,21.34030151,anonymous,EN,4,1,3,6,1,,A1QYORNO0GY308,42063103
18/5/3 1:36,18/5/3 1:38,0,156.0.232.8,100,102,1,18/5/3 1:38,R_2uJ2Lj6aOBP8I3K,,,,,-1.283294678,36.81669617,anonymous,EN,3,1,2,6,1,,A1X347KEI3YRDJ,52009678
18/5/3 1:39,18/5/3 1:40,0,122.164.20.43,100,79,1,18/5/3 1:40,R_3lEzJ9iVBCO2LA5,,,,,9.933303833,78.11669922,anonymous,EN,3,1,2,6,,2,A18EWG6CNKAO2J,64089585
18/5/3 1:41,18/5/3 1:42,0,103.103.90.18,100,82,1,18/5/3 1:42,R_Z8FSpq228AJxPGx,,,,,9.933303833,78.11669922,anonymous,EN,3,1,2,2,1,,A1BANTV8HONS2C,63938463
18/5/3 1:41,18/5/3 1:42,0,103.48.182.46,100,67,1,18/5/3 1:42,R_2tyuq9n9yI5bMaD,,,,,8.483306885,78.11669922,anonymous,EN,3,1,2,6,,1,A1VOFYYXKZWG7W,56849220
18/5/3 1:41,18/5/3 1:42,0,103.113.188.53,100,82,1,18/5/3 1:42,R_2PnAlzITZf7xAqj,,,,,20,77,anonymous,EN,3,1,2,6,,1,A2BACJE00ZUDXS,26646780
18/5/3 1:42,18/5/3 1:43,0,103.225.124.82,100,17,1,18/5/3 1:43,R_2CBaNayxRZuuWaB,,,,,11.3500061,77.73330688,anonymous,EN,2,2,3,1,2,,A1YGG7LBCMRPO1,17827916
18/5/3 1:45,18/5/3 1:47,0,96.3.77.166,100,157,1,18/5/3 1:47,R_3r02pBvMKYzxGpv,,,,,46.81590271,-100.7061005,anonymous,EN,5,2,1,7,,1,A23OWTM4N480J,68441229
18/5/3 1:47,18/5/3 1:48,0,59.92.33.55,100,24,1,18/5/3 1:48,R_24AXsyXoJI37pQE,,,,,8.193893433,77.43139648,anonymous,EN,3,2,2,6,1,,A3KOWY3F88WP94,54542548
18/5/3 1:51,18/5/3 1:52,0,107.139.142.224,100,49,1,18/5/3 1:52,R_1lt0fORtHMsxK0I,,,,,33.57620239,-102.0429001,anonymous,EN,3,2,2,7,,1,A1NNV9G23MVQYI,5422385
18/5/3 1:55,18/5/3 1:56,0,59.92.33.55,100,24,1,18/5/3 1:56,R_21aJSAngouMbOCh,,,,,8.193893433,77.43139648,anonymous,EN,3,2,2,6,3,,A2LP305VI4WP0,44466349
18/5/3 1:55,18/5/3 1:56,0,103.225.124.82,100,22,1,18/5/3 1:56,R_31c11P8ew6FQeu7,,,,,11.3500061,77.73330688,anonymous,EN,3,2,3,3,3,,A3BV9JVUB0YXJN,88595796
18/5/3 1:56,18/5/3 1:57,0,103.225.124.82,100,23,1,18/5/3 1:57,R_BPoo2j3UArKAak1,,,,,11.3500061,77.73330688,anonymous,EN,3,2,3,5,,2,A26KS0EB5XV4N9,67446122
18/5/3 1:56,18/5/3 1:57,0,103.225.124.82,100,20,1,18/5/3 1:57,R_3iwDe0VsOSt5rtz,,,,,11.3500061,77.73330688,anonymous,EN,3,2,3,5,3,,A11ZS25OQS2ED0,17795944
18/5/3 2:02,18/5/3 2:04,0,103.93.107.82,100,118,1,18/5/3 2:04,R_xF2KSNafM92m61X,,,,,20,77,anonymous,EN,3,2,2,5,,2,ACG83E5RAGOP3,32254598
18/5/3 2:08,18/5/3 2:09,0,106.203.147.36,100,64,1,18/5/3 2:09,R_12LtpD4LOZ8RL7d,,,,,22.56970215,88.36968994,anonymous,EN,5,1,2,5,2,,AXFR7YKAC6GND,29683447
18/5/3 2:14,18/5/3 2:14,0,122.174.81.103,100,22,1,18/5/3 2:14,R_WlD2ncEEJsx9i2l,,,,,13.08329773,80.28329468,anonymous,EN,3,2,2,6,,1,A3AJE1ORZMFDON,54126394
18/5/3 2:15,18/5/3 2:16,0,160.202.48.101,100,89,1,18/5/3 2:16,R_3q8xmOBVDKzidOp,,,,,9.979904175,76.5737915,anonymous,EN,2,2,1,3,1,,AX9Z7VRQ9BM1E,84878379
18/5/3 2:21,18/5/3 2:21,0,61.1.65.53,100,22,1,18/5/3 2:21,R_b4oEaTIvZ6IoXqF,,,,,8.193893433,77.43139648,anonymous,EN,3,2,2,6,,1,A2MDORDGPI3WKR,7770335
18/5/3 2:31,18/5/3 2:33,0,103.58.116.138,100,108,1,18/5/3 2:33,R_1dgmrG6WltireuS,,,,,11.23330688,78.16668701,anonymous,EN,3,1,3,6,2,,A11X5M6KPGSTTC,60385406
18/5/3 2:33,18/5/3 2:35,0,78.15.161.142,100,68,1,18/5/3 2:35,R_1etr6OSMflaMsXs,,,,,39.21690369,9.284393311,anonymous,EN,4,1,3,7,,1,AJ5L6CU8PFFPT,43230537
18/5/3 2:40,18/5/3 2:41,0,180.178.29.224,100,55,1,18/5/3 2:41,R_BLcQsI2HKX2SGvD,,,,,28.46670532,77.03329468,anonymous,EN,5,1,3,6,,1,A23BO80PYSTB0V,72125682
18/5/3 2:40,18/5/3 2:41,0,182.74.172.118,100,74,1,18/5/3 2:41,R_2QlitGyD35n0T5B,,,,,11.23330688,78.16668701,anonymous,EN,3,1,2,6,3,,AEX6KOQRF371P,88696453
18/5/3 2:44,18/5/3 2:44,0,157.50.238.40,100,53,1,18/5/3 2:44,R_3EMd5y9UTl66U1r,,,,,13.08329773,80.28329468,anonymous,EN,4,2,3,6,,2,A3PSIT0A7OU2FL,66661437
18/5/3 2:41,18/5/3 2:45,0,24.125.230.32,100,225,1,18/5/3 2:45,R_2dgzlGnZMRTXVs2,,,,,33.77079773,-84.29299927,anonymous,EN,5,2,3,1,1,,A2UBYTEQDG9XXC,66344037
18/5/3 2:52,18/5/3 2:53,0,27.63.3.207,100,51,1,18/5/3 2:53,R_3sAlGv3fMD7j4C7,,,,,16.51669312,80.61669922,anonymous,EN,5,1,2,7,,1,A2JI7RGC80105T,39280456
18/5/3 2:54,18/5/3 2:55,0,103.93.107.82,100,46,1,18/5/3 2:55,R_2774fqAwFTXdD2b,,,,,20,77,anonymous,EN,3,2,3,6,,2,A29GLTXKFWGH1Z,48943541
18/5/3 2:53,18/5/3 2:55,0,103.214.60.40,100,115,1,18/5/3 2:55,R_237dUTFtMkw1ypZ,,,,,17.37530518,78.47439575,anonymous,EN,3,2,3,6,1,,AL41HJ290YHJS,11372125
18/5/3 3:02,18/5/3 3:04,0,47.137.104.182,100,87,1,18/5/3 3:04,R_XRsIrzrAmEA2LF7,,,,,34.36610413,-117.3204956,anonymous,EN,3,1,1,7,,3,A1A4XAVFZ9AOO1,53428357
18/5/3 4:33,18/5/3 4:35,0,96.60.182.15,100,155,1,18/5/3 4:35,R_27pyceeZuu3XTY9,,,,,32.10650635,-88.23829651,anonymous,EN,4,2,2,3,3,,A2WTWBGW31UAN0,60490361
18/5/3 7:40,18/5/3 7:41,0,107.175.189.165,100,43,1,18/5/3 7:41,R_1g5bxeCZUwxysBn,,,,,34.0493927,-118.2640991,anonymous,EN,5,1,2,2,1,,AVCPTPGTJUJ6E,69697859
18/5/3 7:44,18/5/3 7:45,0,24.113.50.251,100,30,1,18/5/3 7:45,R_1jfFsxKZXLSFcBl,,,,,47.57099915,-122.7568054,anonymous,EN,5,1,2,6,,3,A35P8YSNTQ7OTP,41538608
18/5/3 9:34,18/5/3 9:34,0,87.21.98.209,100,39,1,18/5/3 9:34,R_3oBKM8JLTh0gLGa,,,,,37.49220276,15.07040405,anonymous,EN,2,1,1,6,1,,A1I1KLWY71Z0OD,9123329
18/5/3 9:35,18/5/3 9:36,0,74.192.218.222,100,71,1,18/5/3 9:36,R_3qq9AY8HhktCQi1,,,,,28.92349243,-97.00630188,anonymous,EN,5,2,1,5,,1,A1ROQKFOK4B11J,19361337
18/5/3 9:39,18/5/3 9:40,0,74.139.131.62,100,44,1,18/5/3 9:40,R_1MLZXj1QqZGUZpy,,,,,37.14199829,-84.55840302,anonymous,EN,3,2,1,1,3,,AUUJ47S79N93T,75827857